Workbook

Sheet Sheet01
A1: Criterion | B1: Criterion (Weight) | C1: Sub criterion | D1: Sub criterion (Weight) | E1: Final Weight
A2: =Sheet02!A3 -> Economic | B2: =Sheet02!E9 -> 0.65548654 | C2: =Sheet03!A3 -> Reuse | D2: =Sheet03!E9 -> 0.72350606 | E2: =$B$2*D2 -> 0.47424848
C3: =Sheet03!A4 -> Recycling | D3: =Sheet03!E10 -> 0.19318606 | E3: =$B$2*D3 -> 0.12663086
C4: =Sheet03!A5 -> Disposal | D4: =Sheet03!E11 -> 0.083307883 | E4: =$B$2*D4 -> 0.054607196
A5: =Sheet02!A4 -> Environmental-social | B5: =Sheet02!E10 -> 0.18674948 | C5: =Sheet04!A9 -> Reuse | D5: =Sheet04!E9 -> 0.66886447 | E5: =$B$5*D5 -> 0.12491009
C6: =Sheet04!A10 -> Recycling | D6: =Sheet04!E10 -> 0.26739927 | E6: =$B$5*D6 -> 0.049936675
C7: =Sheet04!A11 -> Disposal | D7: =Sheet04!E11 -> 0.063736264 | E7: =$B$5*D7 -> 0.011902714
A8: =Sheet02!A5 -> Technical-operational | B8: =Sheet02!E11 -> 0.15776398 | C8: =Sheet05!A3 -> Reuse | D8: =Sheet05!E9 -> 0.43527584 | E8: =$B$8*D8 -> 0.068670846
C9: =Sheet05!A4 -> Recycling | D9: =Sheet05!E10 -> 0.48655789 | E9: =$B$8*D9 -> 0.076761306
C10: =Sheet05!A5 -> Disposal | D10: =Sheet05!E11 -> 0.078166278 | E10: =$B$8*D10 -> 0.012331823

Sheet Sheet02
A1: Pairwise comparison matrix of the criteria.
B2: Economic | C2: Environmental-social | D2: Technical-operational
A3: =B2 -> Economic | B3: 1 | C3: 3 | D3: 5
A4: =C2 -> Environmental-social | B4: =1/C3 -> 0.33333333 | C4: 1 | D4: 1
A5: =D2 -> Technical-operational | B5: =1/D3 -> 0.2 | C5: =1/D4 -> 1 | D5: 1
A7: Normalized matrix of the criteria and weights.
B8: =B2 -> Economic | C8: =C2 -> Environmental-social | D8: =D2 -> Technical-operational | E8: Weight
A9: =B8 -> Economic | B9: =B3/SUM(B3:B5) -> 0.65217391 | C9: =C3/SUM(C3:C5) -> 0.6 | D9: =D3/SUM(D3:D5) -> 0.71428571 | E9: =SUM(B9:D9)/3 -> 0.65548654
A10: =C8 -> Environmental-social | B10: =B4/SUM(B3:B5) -> 0.2173913 | C10: =C4/SUM(C3:C5) -> 0.2 | D10: =D4/SUM(D3:D5) -> 0.14285714 | E10: =SUM(B10:D10)/3 -> 0.18674948
A11: =D8 -> Technical-operational | B11: =B5/SUM(B3:B5) -> 0.13043478 | C11: =C5/SUM(C3:C5) -> 0.2 | D11: =D5/SUM(D3:D5) -> 0.14285714 | E11: =SUM(B11:D11)/3 -> 0.15776398
A14: principal Eigen number | C14: Consistency Index | E14: Consistency Ratio
B15: =(E9*SUM(B3:B5))+(E10*SUM(C3:C5))+(E11*SUM(D3:D5)) -> 3.0431746 | C15: CI | D15: =(B15-3)/(3-1) -> 0.021587302 | E15: CR | F15: =D15/0.58 -> 0.037219485
A16: Validation | B16: =IF(F15<0.1,"Pairwise comparison matrix of the criteria is valid, and the weights of the criteria are listed in Normalized matrix of the criteria and weights","Pairwise comparison matrix of the criteria isn't valid") -> Pairwise comparison matrix of the criteria is valid, and the weights of the criteria are listed in Normalized matrix of the criteria and weights

Sheet Sheet03
A1: Pairwise comparison matrix of the subcriteria economic dimension.
B2: Reuse | C2: Recycling | D2: Disposal
A3: =B2 -> Reuse | B3: 1 | C3: 5 | D3: 7
A4: =C2 -> Recycling | B4: =1/C3 -> 0.2 | C4: 1 | D4: 3
A5: =D2 -> Disposal | B5: =1/D3 -> 0.14285714 | C5: =1/D4 -> 0.33333333 | D5: 1
A7: Normalized matrix of the subcriteria economic dimension and weights.
B8: =B2 -> Reuse | C8: =C2 -> Recycling | D8: =D2 -> Disposal | E8: Weight
A9: =B8 -> Reuse | B9: =B3/SUM(B3:B5) -> 0.74468085 | C9: =C3/SUM(C3:C5) -> 0.78947368 | D9: =D3/SUM(D3:D5) -> 0.63636364 | E9: =SUM(B9:D9)/3 -> 0.72350606
A10: =C8 -> Recycling | B10: =B4/SUM(B3:B5) -> 0.14893617 | C10: =C4/SUM(C3:C5) -> 0.15789474 | D10: =D4/SUM(D3:D5) -> 0.27272727 | E10: =SUM(B10:D10)/3 -> 0.19318606
A11: =D8 -> Disposal | B11: =B5/SUM(B3:B5) -> 0.10638298 | C11: =C5/SUM(C3:C5) -> 0.052631579 | D11: =D5/SUM(D3:D5) -> 0.090909091 | E11: =SUM(B11:D11)/3 -> 0.083307883
A14: principal Eigen number | C14: Consistency Index | E14: Consistency Ratio
B15: =(E9*SUM(B3:B5))+(E10*SUM(C3:C5))+(E11*SUM(D3:D5)) -> 3.1114637 | C15: CI | D15: =(B15-3)/(3-1) -> 0.055731851 | E15: CR | F15: =D15/0.58 -> 0.096089398
A16: Validation | B16: =IF(F15<0.1,"Pairwise comparison matrix of the criteria is valid, and the weights of the criteria are listed in Normalized matrix of the criteria and weights","Pairwise comparison matrix of the criteria isn't valid") -> Pairwise comparison matrix of the criteria is valid, and the weights of the criteria are listed in Normalized matrix of the criteria and weights

Sheet Sheet04
A1: Pairwise comparison matrix of the subcriteria environmental-social dimension.
B2: Reuse | C2: Recycling | D2: Disposal
A3: =B2 -> Reuse | B3: 1 | C3: 3 | D3: 9
A4: =C2 -> Recycling | B4: =1/C3 -> 0.33333333 | C4: 1 | D4: 5
A5: =D2 -> Disposal | B5: =1/D3 -> 0.11111111 | C5: =1/D4 -> 0.2 | D5: 1
A7: Normalized matrix of the subcriteria environmental-social dimension and weights.
B8: =B2 -> Reuse | C8: =C2 -> Recycling | D8: =D2 -> Disposal | E8: Weight
A9: =B8 -> Reuse | B9: =B3/SUM(B3:B5) -> 0.69230769 | C9: =C3/SUM(C3:C5) -> 0.71428571 | D9: =D3/SUM(D3:D5) -> 0.6 | E9: =SUM(B9:D9)/3 -> 0.66886447
A10: =C8 -> Recycling | B10: =B4/SUM(B3:B5) -> 0.23076923 | C10: =C4/SUM(C3:C5) -> 0.23809524 | D10: =D4/SUM(D3:D5) -> 0.33333333 | E10: =SUM(B10:D10)/3 -> 0.26739927
A11: =D8 -> Disposal | B11: =B5/SUM(B3:B5) -> 0.076923077 | C11: =C5/SUM(C3:C5) -> 0.047619048 | D11: =D5/SUM(D3:D5) -> 0.066666667 | E11: =SUM(B11:D11)/3 -> 0.063736264
A14: principal Eigen number | C14: Consistency Index | E14: Consistency Ratio
B15: =(E9*SUM(B3:B5))+(E10*SUM(C3:C5))+(E11*SUM(D3:D5)) -> 3.0452584 | C15: CI | D15: =(B15-3)/(3-1) -> 0.022629223 | E15: CR | F15: =D15/0.58 -> 0.039015901
A16: Validation | B16: =IF(F15<0.1,"Pairwise comparison matrix of the criteria is valid, and the weights of the criteria are listed in Normalized matrix of the criteria and weights","Pairwise comparison matrix of the criteria isn't valid") -> Pairwise comparison matrix of the criteria is valid, and the weights of the criteria are listed in Normalized matrix of the criteria and weights

Sheet Sheet05
A1: Pairwise comparison matrix of the subcriteria technical-operational dimension.
B2: Reuse | C2: Recycling | D2: Disposal
A3: =B2 -> Reuse | B3: 1 | C3: 1 | D3: 5
A4: =C2 -> Recycling | B4: =1/C3 -> 1 | C4: 1 | D4: 7
A5: =D2 -> Disposal | B5: =1/D3 -> 0.2 | C5: =1/D4 -> 0.14285714 | D5: 1
A7: Normalized matrix of the subcriteria technical-operational dimension and weights.
B8: =B2 -> Reuse | C8: =C2 -> Recycling | D8: =D2 -> Disposal | E8: Weight
A9: =B8 -> Reuse | B9: =B3/SUM(B3:B5) -> 0.45454545 | C9: =C3/SUM(C3:C5) -> 0.46666667 | D9: =D3/SUM(D3:D5) -> 0.38461538 | E9: =SUM(B9:D9)/3 -> 0.43527584
A10: =C8 -> Recycling | B10: =B4/SUM(B3:B5) -> 0.45454545 | C10: =C4/SUM(C3:C5) -> 0.46666667 | D10: =D4/SUM(D3:D5) -> 0.53846154 | E10: =SUM(B10:D10)/3 -> 0.48655789
A11: =D8 -> Disposal | B11: =B5/SUM(B3:B5) -> 0.090909091 | C11: =C5/SUM(C3:C5) -> 0.066666667 | D11: =D5/SUM(D3:D5) -> 0.076923077 | E11: =SUM(B11:D11)/3 -> 0.078166278
A14: principal Eigen number | C14: Consistency Index | E14: Consistency Ratio
B15: =(E9*SUM(B3:B5))+(E10*SUM(C3:C5))+(E11*SUM(D3:D5)) -> 3.0163925 | C15: CI | D15: =(B15-3)/(3-1) -> 0.0081962482 | E15: CR | F15: =D15/0.58 -> 0.014131462
A16: Validation | B16: =IF(F15<0.1,"Pairwise comparison matrix of the criteria is valid, and the weights of the criteria are listed in Normalized matrix of the criteria and weights","Pairwise comparison matrix of the criteria isn't valid") -> Pairwise comparison matrix of the criteria is valid, and the weights of the criteria are listed in Normalized matrix of the criteria and weights
